<?xml version="1.0" encoding="ISO-88-59-1"?>
<?xml-stylesheet type="text/css" href="parrafos.css"?>
<biblioteca>
 <libro>
 <titulo>La vida está en otra parte</titulo>
 <autor>Milan Kundera</autor>
 <fechaPublicacion>1973</fechaPublicacion>
 </libro>
 <libro>
 <titulo>Pantaleón y las visitadoras</titulo>
 <autor>Mario Vargas Llosa</autor>
 <fechaPublicacion>1973</fechaPublicacion>
 </libro>
 <libro>
 <titulo>Conversación en la catedral</titulo>
 <autor>Mario Vargas Llosa</autor>
 <fechaPublicacion>1969</fechaPublicacion>
 </libro>
</biblioteca>